Country_Name,Urban population (% of total population),Urban population growth (annual %),"Population, total",Population growth (annual %),"Mortality rate, under-5 (per 1,000 live births)","Primary completion rate, total (% of relevant age group)","Agriculture, forestry, and fishing, value added (% of GDP)",Population in urban agglomerations of more than 1 million (% of total population),Population living in areas where elevation is below 5 meters (% of total population),Urban population living in areas where elevation is below 5 meters (% of total population),Rural population living in areas where elevation is below 5 meters (% of total population),Total greenhouse gas emissions (kt of CO2 equivalent),Total greenhouse gas emissions per capita(kt of CO2 equivalent),Energy use (kg of oil equivalent per capita),Electric power consumption (kWh per capita),"Energy use (kg of oil equivalent) per $1,000 GDP (constant 2011 PPP)",Renewable energy consumption (% of total final energy consumption),"Electricity production from renewable sources, excluding hydroelectric (% of total)",Renewable electricity output (% of total electricity output),Electricity production from oil sources (% of total),Electricity production from natural gas sources (% of total),Access to electricity (% of population),"Foreign direct investment, net inflows (% of GDP)",Cereal yield (kg per hectare),Forest area (% of land area),Land area where elevation is below 5 meters (% of total land area),Arable land (% of land area),Agricultural land (% of land area)
Central African Republic,38.904,1.667793941,4386768,1.126577396,150,39.2278,37.3635796,0,0,0,0,511442.6893,116.5875855,0,0,0,79.8106035,0,84.375,0,0,9.8,2.87409055,1447.4,35.7122219,0,2.88933834,8.154354875
Qatar,98.501,11.65054825,1856327,11.48290073,9.1,0,0.117906612,0,12.8290713,10.29103117,2.53804013,98391.53385,53.00334146,14890.44172,14209.24223,124.1143676,0,0,0,0,100,100,3.73261156,7592.6,0,12.1239145,1.18260117,5.727820844
Trinidad and Tobago,54.025,0.197398726,1328147,0.544870372,23.4,94.93678,0.520146105,0,2.907216261,1.995075263,0.912141,58068.7624,43.72163804,15108.65288,6189.07395,483.3253092,0.33434965,0,0,0.282852092,99.71714791,100,2.47947143,1667.4,44.1325524,2.6525162,4.87329435,10.52631579
Botswana,62.412,4.097430109,1987105,1.705719395,49.8,0,2.488037773,0,0,0,0,81652.2556,41.09106242,1083.912023,1561.064966,81.89637851,30.1860933,0,0,0,0,52.67116547,1.70787743,371.6,20.0289379,0,0.45700775,45.63195878
Brunei Darussalam,74.961,1.699022104,388646,1.227117263,9.7,105.3539,0.733012306,0,1.609028467,1.072934394,0.53609407,14123.59808,36.34052089,8337.49479,8810.073949,103.4991321,0,0,0,1.002109705,98.9978903,100,3.50703688,580.1,72.1062619,0.38105051,0.75901328,2.542694425
Australia,85.182,1.695285378,22031750,1.555489589,4.8,0,2.197568265,59.23583465,4.516620755,3.613415547,0.90320521,782102.6922,35.49889102,5793.116026,10726.92818,139.4931272,8.10902729,3.26774879,8.611879628,2.413606121,17.64687256,100,3.07211867,1661.5,16.0382958,0.6005879,5.54104891,51.88289965
Kuwait,100,5.879590562,2991884,5.879590562,10.4,97.45946,0.451644694,66.64125347,17.40355436,3.376692922,14.0268614,93785.56855,31.34665935,10721.48519,16757.33417,142.2703077,0,0,0,65.37025022,34.62974978,100,1.13033983,10805.8,0.35072952,8.18165502,0.56116723,8.529741863
Luxembourg,88.547,2.243098596,506953,1.825405804,3,84.28455,0.247223517,0,0,0,0,13034.81576,25.71207934,8329.478275,16829.96254,90.79114042,3.65968303,4.92260062,8.26625387,0.030959752,90.27863777,100,73.5326207,5593.3,35.6790111,0,25.4938275,53.92592316
Bahrain,88.634,4.661908401,1240860,4.599778006,8.5,0,0.297677228,0,34.28165324,24.34428742,9.93736582,30921.97084,24.91979018,10207.86793,18038.29602,251.6065173,0,0,0,0,100,100,0.60580005,0,0.69553805,33.9727938,2.09973765,11.28609019
Zambia,39.355,4.177851607,13605984,2.914662962,80.3,98.03028,9.420989776,12.66265637,0,0,0,319784.6304,23.50323434,604.4057526,590.548982,181.0629586,92.1042975,0,99.87557427,0.124425727,0,22,8.53319779,2533.5,66.5438061,0,4.57364237,31.52584781
United Arab Emirates,84.087,8.098177204,8549988,7.687054686,8.5,0,0.763452742,43.12341725,14.78463648,13.16580722,1.61882926,193127.1576,22.58800335,7215.218899,10609.95641,130.3256728,0.10812193,0,0,1.478593648,98.52140635,100,3.03559489,17871.4,4.46775539,4.81337272,0.71247534,5.594198645
Canada,80.937,1.333268714,34004889,1.111864075,5.6,0,1.33166399,44.75856986,2.221496304,1.852401809,0.3690945,764137.6753,22.47140625,7788.560786,15269.74548,191.3765012,22.0809894,3.21235526,61.39675684,1.295010731,8.612814976,100,1.84158388,3505.8,38.1922932,1.73827645,4.77230464,6.957555615
North America,80.7919857,1.06980287,343396098,0.860596207,7.2,0,1.068587269,44.52856677,2.485506475,2.223618887,0.26188759,7478081.296,21.77683829,7223.562532,13580.63604,148.6039966,9.06990154,3.98779502,16.2898875,1.127055232,21.56855432,100,1.76973354,6331.41581,35.9642331,1.45216553,10.9272341,25.85908134
United States,80.772,1.035002594,309326085,0.829274641,7.3,0,1.042481339,44.50328203,2.512555129,2.263941857,0.24861327,6713348.969,21.7031453,7161.451046,13394.94857,144.7364549,7.50517206,4.09729276,10.12035515,1.104317669,23.37584166,100,1.76119311,6978.1,33.7494069,1.16767922,17.0459215,44.64933145
Kazakhstan,56.827,1.540051355,16321872,1.413271477,20.2,107.4488,4.51052753,12.79460469,0,0,0,347356.0816,21.2816325,4234.851064,4728.011591,210.7251746,1.38236339,0,9.706458873,0.750187547,8.889722431,99.48613739,5.03630628,804.1,1.22569174,0,10.6248105,80.43923283
Gabon,85.533,4.136650021,1624140,3.458586132,62.8,0,3.914454417,0,4.937052655,3.641098659,1.295954,34053.55242,20.96712871,3129.078774,957.4297782,201.7754544,85.8833735,0.46511628,47.33850129,10.64599483,42.01550388,92.38957214,3.64896076,1595,85.3805255,0.32270152,1.26130322,20.02561416
Oman,75.161,6.303423954,3041434,5.58640038,11.7,0,1.382238336,23.71480032,5.652352959,4.816544066,0.83580889,59041.97958,19.41254671,6154.476803,5521.079859,135.7518134,0,0,0,2.245320147,97.75467985,100,2.11903495,5602.6,0.00646204,0.81348299,0.11082391,4.663004689
Russian Federation,73.687,0.105974278,142849449,0.04488739,10.3,0,3.343898249,21.77200347,1.20662879,0.866044918,0.34058387,2603289.63,18.2240089,4819.041423,6409.895218,206.5954432,3.3427484,0.05260029,16.12058881,0.897100325,50.23848681,100,2.8308273,1842.7,49.7735907,0.78014045,7.26634577,13.06427907
Namibia,41.616,4.270720045,2118874,1.801512464,48.3,0,8.577791536,0,1.089542897,0.943895064,0.14564783,37647.5718,17.76772559,726.0823437,1586.219851,83.67263509,26.3739193,0,95.55555556,0.229885057,0,44.19155884,2.54550427,405,8.85471705,0.19534568,0.97171106,47.13891824
New Zealand,86.16,1.04210166,4350700,1.111726056,6.1,0,8.641131768,30.68901556,4.232579488,3.253818464,0.97876102,76141.65783,17.50101313,4225.094582,9601.903142,131.0809649,31.3226917,18.0919295,73.18056298,0.004453946,22.08266524,100,0.19531957,7387.1,38.5515172,0.94748532,1.89510463,43.32535794
Turkmenistan,48.491,2.230261204,5087213,1.570268795,59.9,0,11.34054256,0,0,0,0,87379.66852,17.17633378,4459.24517,2382.05084,448.5069711,0.07219289,0,0,0,100,100,16.0841102,1700,8.78215905,0,4.12827442,72.35120124
Estonia,68.094,-0.417258644,1331475,-0.228057969,4.6,100.6343,3.145044837,0,2.906475881,2.085488937,0.82098694,22767.1259,17.0991764,4222.73719,6506.318181,183.6396459,25.1298919,7.84480099,8.05307004,0.316260413,2.337241592,100,13.1714446,2464.2,52.7011088,1.80893047,15.2158528,22.38263713
Iceland,93.574,-0.076582542,318041,-0.143903,2.6,98.02003,6.319029669,0,7.557741879,2.978384652,4.57935723,5390.984736,16.95059673,17023.16682,51439.90869,424.1293147,75.4196918,26.1738672,99.98827598,0.011724017,0,100,1.87802472,0,0.42593517,2.24604878,1.22693267,18.69326683
Mozambique,31.83,4.333415368,23531574,2.743721432,104.5,58.99485,26.88693128,8.346386009,5.245980947,2.83228709,2.41369386,379823.5504,16.14101761,423.2675638,453.3058435,410.1961284,91.3046043,0,99.88599544,0.00600024,0.10800432,18.34017563,11.3500467,1028.4,49.5587375,1.34048311,7.18482159,63.51890943
Finland,83.77,0.8653859,5363352,0.457494535,3.1,98.62905,2.418904769,20.99435204,1.864564778,1.522766113,0.34179867,84371.53873,15.7311209,6828.783753,16484.09428,170.3543725,33.5820642,13.9735231,29.99107519,0.59994546,13.95616927,100,4.90664548,3135.3,73.1095755,0.52823598,7.41954606,7.541625213
Brazil,84.335,1.283605706,195713635,0.937956738,18.7,0,4.115756488,40.04672081,2.558210374,2.045824096,0.51238628,2902242.618,14.82902618,1358.502416,2374.116653,92.92395276,47.0066616,6.52880784,84.72423388,3.114911439,7.072293478,98.8462677,3.72995569,4040.6,59.6374313,0.60790622,8.41849981,32.71816457
Ireland,61.542,0.8703999,4560155,0.544884384,4.2,0,0.949862681,24.1272062,4.769124671,3.354617453,1.41450722,65591.24598,14.38355626,3152.003605,5927.86868,70.20496888,5.27353814,11.1051959,13.23111868,2.14011925,64.27810903,100,16.9924224,7456.3,10.5331689,2.06953844,14.6755698,66.30860793
Post-demographic dividend,79.85510612,0.816445348,1074869481,0.466510781,5.6807953,97.93925,1.312364225,35.68060866,5.504086313,4.595606013,0.9084803,15272229.87,14.20845055,4839.684009,9225.349943,125.1448723,9.85859346,5.23216584,17.21103519,2.427926098,22.75962908,99.97565517,2.44282423,5087.1911,31.5271647,1.41737183,11.941538,34.91545704
Sudan,33.089,2.518762385,34545013,2.228215581,75.9,61.11948,23.31053838,13.07591924,0.303605574,0.166075781,0.13752979,487562.7337,14.11383848,361.8942782,131.0552689,111.6671064,61.4417498,0,82.70436058,17.29563942,0,35.7593689,3.1442965,0,0,0.07027762,0,0
High income,79.9155955,1.007878537,1157826206,0.66472146,6,97.75278,1.317416461,0,5.784594838,4.821726587,0.96286825,16317515.84,14.09323416,4942.50449,9286.189926,123.4854499,9.57717683,5.04125236,16.4642424,3.337596215,24.3673536,99.94127254,2.6986306,5283.76459,28.7721125,1.47129852,10.0654735,36.16607714
Czech Republic,73.255,0.197209094,10474410,0.291361674,3.4,106.4568,1.519509073,11.77660603,0,0,0,145706.917,13.91075173,4237.896741,6348.424398,149.4693438,10.91772,3.64895912,6.918135784,0.23326144,1.596492873,100,4.90068409,4695.8,34.399275,0,41.0538581,54.81615743
Other small states,57.47666008,4.038588425,26050942,2.490818453,64.3416225,81.56881,2.312080687,0,9.292400716,5.453656719,3.838744,357243.0947,13.71325055,0,0,0,30.7467871,5.38849455,27.97051544,7.615938599,50.06068209,66.66003821,11.4198776,1336.29201,25.9733442,0.83816513,2.09952726,40.58725069
Norway,79.102,1.609156065,4889252,1.24566618,3.2,99.36022,1.568602331,18.36509961,3.85093944,2.293319931,1.55761951,65710.06421,13.43969675,6934.590199,24890.92401,111.3524968,56.4245558,0.99725734,95.7326474,0.025154579,3.947646018,100,5.04581003,4003.2,33.1340159,1.974103,2.26040677,2.754049532
OECD members,79.05052054,1.001386322,1242309585,0.643691686,8.218831976,98.22411,1.479180643,35.90760394,4.91370059,4.07517478,0.83852581,16332965.29,13.14725853,4375.174891,8288.932263,121.0188225,10.2575304,5.29705416,17.69940878,2.701589735,23.67197409,99.91953129,2.20898772,4998.13533,31.1854207,1.41818058,11.3406919,35.42420637
"Bahamas, The",82.427,1.566372414,354942,1.515331048,12.9,82.40611,1.097490432,0,20.28497257,11.79977694,8.48519563,4570.357553,12.87635037,0,0,0,1.65566802,0,0,0,0,100,8.63699216,7533.3,51.4485515,52.9028052,0.8991009,1.498501499
Small states,54.78732023,3.329734213,35238667,2.053516641,55.64458491,84.37093,2.660493844,0,9.565982499,5.727502207,3.83848029,451235.0559,12.80511138,0,0,0,27.0037165,4.5484758,25.26215927,9.513666513,47.15956195,72.24144986,10.2227509,1643.70492,36.4970217,1.59651222,2.0966556,34.32036403
Netherlands,87.134,1.488584168,16615394,0.512923101,4.5,0,1.778509263,12.44261797,58.50616479,48.86157835,9.64458644,212418.455,12.78443683,5025.320916,7006.273821,109.0049819,3.87316274,9.29990777,9.387943322,1.050557558,63.16173388,100,13.6706811,8569.3,11.058405,55.5554538,30.3172243,55.5084509
"Korea, Rep.",81.936,0.621566983,49554112,0.498225084,4.1,101.1587,2.236404101,50.25255422,3.043292478,2.027248778,1.0160437,628838.7211,12.68994026,5045.487749,9716.126081,166.23189,1.3149535,0.50410897,1.245374639,3.812022113,20.77315499,100,0.86773922,6202.2,64.0123457,2.94742445,15.5041152,18.24074074
Belgium,97.651,0.962809677,10895586,0.913639392,4.5,0,0.765104157,26.78997715,11.16689435,9.951888064,1.21500628,138029.4109,12.66837882,5539.472223,8393.949623,135.8134095,5.83739148,6.58830049,6.920806113,0.432683597,33.48502126,100,23.1811749,9348.1,22.4966979,7.69137684,27.5429326,44.7721252
Libya,78.052,1.308624489,6197663,1.032782823,16.6,0,0,17.67035413,6.16815273,5.598377003,0.56977573,77780.08973,12.54990627,3353.527773,3361.751034,113.7025832,1.56833081,0,0,52.87179802,47.12820198,81.28553009,2.38587376,669.9,0.12332769,0.52916359,0.9752549,8.724439342
Caribbean small states,50.43405747,0.696886758,6973206,0.689543441,21.83106111,90.52493,3.44010446,0,11.59912876,7.757826171,3.84130258,86416.42133,12.39263853,5025.500574,2831.135766,327.9474732,9.09634207,0,9.290895207,0,0,93.48891948,4.48653142,3986.32146,85.2988515,3.99993329,1.83154255,6.198839084
"Congo, Dem. Rep.",40.013,4.644293837,64563854,3.331131654,115.3,63.64162,21.42849112,22.33284742,0.041278628,0.023850757,0.01742787,799228.6731,12.37888731,307.4199536,104.656082,465.9319055,96.8278215,0,98.91208096,0.075901328,1.01201771,12.86701393,12.7160141,771.7,67.9892371,0.02173679,2.99949273,11.36498974
Germany,76.966,0.100481934,81776930,-0.153198447,4.2,102.0154,0.803696771,9.277796317,4.043249379,3.014622563,1.02862682,948006.7542,11.59259408,3997.079421,7264.322591,99.47103882,10.2935196,13.3830634,16.72707367,1.395026676,14.41979754,100,2.53370771,6685.2,32.7308719,4.45866834,33.9845655,47.91003242
Denmark,86.795,0.606766049,5547683,0.444197155,4.1,99.11993,1.20190857,21.4928827,16.3382366,11.10784474,5.23039186,63679.08978,11.47850189,3510.79685,6327.506456,79.79369175,21.3548365,31.9283619,31.98239926,1.991662807,20.34378056,100,-3.6546691,5875.9,13.8369073,14.4504769,57.0586849,61.89017205
Belarus,74.672,0.501480521,9490583,-0.170360662,5.5,106.9727,8.67327408,19.49291208,0,0,0,108204.5472,11.40125398,2900.042284,3563.637766,178.3478832,7.01637018,0.24358791,0.37254621,2.375698524,97.14572288,100,2.37517751,2808.3,42.0601281,0,27.279448,43.85411533
Austria,57.399,-0.253173146,8363404,0.2403943,4.3,0,1.267327672,20.6931173,0,0,0,94172.35094,11.26005045,4051.19602,8382.711154,93.48295898,30.6592166,9.74033621,66.21132275,1.875349604,21.12491536,100,-5.6152091,5903.1,46.7476497,0,16.5166961,33.65830719
Europe & Central Asia (excluding high income),65.63608041,0.787976459,398783138,0.51412173,19.0292728,97.77533,5.898152649,21.04180539,1.465460328,1.014515553,0.45094478,4481327.098,11.23750397,3007.447343,4097.745978,181.9865835,6.04399922,0.31653071,19.03504478,0.85844706,40.65597821,99.89511811,2.84144463,2220.65454,38.8513112,0.79691688,10.487055,28.1024331
Poland,60.892,-0.469373365,38042794,-0.285609122,6,93.47019,2.565906823,4.475720159,1.747105451,1.148222441,0.59888301,426485.8684,11.21068732,2640.238911,3797.092296,121.2751841,9.48862386,5.07228387,6.931102751,1.840994595,3.054319526,100,3.83771676,3584,30.4590571,1.16977181,35.3565365,47.17578686
Europe & Central Asia (IDA & IBRD countries),65.1228199,0.679180688,441121359,0.437427191,18.14189948,97.37773,5.393496337,19.48230626,1.50013448,1.028061226,0.47207325,4938985.612,11.19643271,2967.774639,4070.10897,174.3801982,6.5629258,0.68722452,18.42344391,0.95490144,37.60438668,99.90518453,2.96483863,2343.09335,38.7283709,0.80360096,10.8324183,28.34631048
Slovenia,52.658,0.864262622,2048583,0.436079485,3.2,97.21167,1.89386513,0,0.756482579,0.659473051,0.09700953,21893.6609,10.6872218,3579.072461,6510.841884,124.51561,19.5047539,1.4211012,29.21562596,0.049215626,3.371270378,100,0.66265707,5981,61.8975292,0.09630689,9.16252181,30.96663325
Japan,90.812,0.928359533,128070000,0.017960542,3.2,0,1.10225982,62.74801281,12.64666469,11.93530532,0.71135937,1350427.913,10.54445157,3893.266604,8594.909034,108.9033036,4.58552956,3.32060305,10.53177716,6.868561765,27.94693982,100,0.13054125,5853.6,68.4844329,3.43579575,11.7459882,12.59909477
Europe & Central Asia,70.74875882,0.665154498,888627318,0.390514893,12.3,97.48984,2.027704429,19.50703918,4.352344197,3.352760504,0.99958369,9271012.666,10.43295933,3306.484666,5529.490251,121.867158,10.8331481,5.91031484,22.28570199,1.884677658,28.66622659,99.95292442,3.44751982,3289.51679,37.9440576,1.28423555,12.1908846,29.46649828
Singapore,100,1.771832879,5076732,1.771832879,2.8,0,0.036179572,99.95114968,10.33207059,5.665407019,4.66666357,52731.99882,10.38699676,5006.620992,8679.99335,68.52663922,0.47516516,1.30508587,1.305085867,20.20017195,77.200679,100,22.9665172,0,23.2905999,8.1616391,0.91168093,1.054131114
Israel,91.826,1.895386753,7623600,1.82675241,4.6,102.8271,1.543427525,57.1618789,1.565873017,1.249318628,0.31655439,79072.43566,10.37205987,3042.434021,6953.276667,102.4753587,8.503355,0.2372378,0.290146951,3.660971822,37.47162533,100,2.98496969,3037.6,7.11645102,0.41048923,13.5674679,23.31330869
Bolivia,66.43,2.317243126,10048590,1.643602456,41.1,0,10.38990599,39.67512855,0,0,0,102900.5156,10.24029397,636.138304,596.5015987,119.1867142,20.0699703,1.75593921,33.95307658,1.933008706,64.11391471,87.91201019,3.16544354,2267.3,51.8868273,0,3.96658359,34.63121942
Uruguay,94.414,0.503531625,3359275,0.286155214,10.7,104.8093,7.202064503,49.39777184,4.114018793,3.287143567,0.82687523,33285.19663,9.908446504,1216.641984,2815.786144,70.90238734,52.8186125,8.80400182,87.6216462,11.65075034,0.727603456,99.00739288,5.43898761,4256.3,9.89201262,1.51651556,11.6158153,82.46486116
Guinea,33.678,3.115304733,10192176,2.259470138,117.2,56.91796,17.48494873,14.89624983,6.047043789,4.997747548,1.04929624,100274.0399,9.838334807,0,0,0,75.7090704,0,76.37972647,0,0,25.68857574,1.47881339,1184.7,26.6319388,0.93914202,11.8020511,58.19632102
United Kingdom,81.302,1.117771085,62766365,0.783888647,5.2,0,0.621688754,26.12261201,5.313018364,4.202697905,1.11032046,609586.561,9.711994011,3230.615984,5700.855864,87.58610604,3.63891826,5.87088285,6.812813426,1.307077294,46.325546,100,2.69607936,6953,12.6441533,4.23856676,24.6765593,71.19414707
Greece,76.292,0.601864645,11121341,0.128880433,3.9,95.3191,2.88403082,28.50765928,4.493864291,2.93605704,1.55780725,107505.9791,9.666638142,2482.110116,5333.439556,86.406157,11.0929826,5.33756341,18.34155525,10.61411613,17.13528684,100,0.17802117,4064.9,30.2792863,3.0608645,19.9146625,58.09930178
Euro area,75.28169818,0.544002836,336151479,0.235742755,4.220682388,96.47604,1.525565425,18.7754589,7.226744036,5.736903538,1.4898405,3247113.77,9.659674203,3627.005577,6773.187513,98.67809253,12.8330882,10.0035221,21.27674081,3.138593406,23.18744732,100,4.02578128,5511.31073,37.8358469,2.83999323,24.4963287,44.76275712
European Union,74.00905955,0.521658658,504298777,0.219538954,4.883737808,97.36161,1.482703007,17.94083678,6.187168494,4.85023278,1.33693571,4847306.347,9.611973235,3420.964491,6269.563093,100.138218,12.9600294,9.06884206,20.36956395,2.609958979,22.93051024,100,3.39743719,5024.4403,37.5466606,2.60235365,25.5226927,44.17899878
Seychelles,53.336,3.483103026,89770,2.792329069,14.1,110.5183,2.260877403,0,16.63716455,2.460820407,14.1763441,854.0721844,9.514004505,0,0,0,0.62546405,0,0,0,0,97,16.4748281,0,88.4130395,16.4229876,1.95652169,5.217391512
Central Europe and the Baltics,62.02606502,-0.297339945,104421447,-0.3616663,7.144202387,97.24109,2.848848772,0,2.163316786,1.611413341,0.55190345,991582.7722,9.495968507,2634.983932,4017.412247,123.1114064,14.5383552,3.75968035,15.22325895,1.389539688,8.257793264,100,1.55625379,3764.98206,33.6436078,1.41703779,33.6457722,47.69449631
"Venezuela, RB",88.083,1.477832288,28439940,1.448313355,17,93.87697,5.375265166,30.03549937,2.496107478,1.755374091,0.74073339,268746.1951,9.449604855,2545.027345,3195.681847,150.7084082,11.4360147,0,67.49000132,15.8405485,16.66945018,98.78054047,0.40260193,3576,53.8574911,1.45811911,3.06105096,24.48840769
Malaysia,70.912,2.878387079,28208035,1.691027071,7.9,97.25932,10.08991593,20.59680159,5.098261202,3.140688013,1.95757319,263676.106,9.347553135,2601.44941,4145.520948,123.6687544,3.8190423,0.80618018,5.992659433,2.941035052,56.73312711,99.22268677,4.26859028,3659.9,67.3383047,1.32791803,2.60021302,22.4906401
Slovak Republic,54.685,-0.408451131,5391428,0.093191273,7,99.06212,1.667645133,0,0,0,0,49973.282,9.269025201,3306.805544,5201.404897,130.4096428,10.2797357,2.49417419,21.62831343,2.184678124,8.032333236,100,2.34793052,3737.3,40.3193937,0,28.9451243,40.43791794
Bulgaria,72.302,-0.188314948,7395599,-0.658275447,10.7,113.3396,4.158814946,16.44198124,0.735205043,0.594744866,0.14046018,67945.3135,9.18726306,2416.703907,4560.414917,158.1273617,14.3675278,1.58854336,12.57796032,0.854032205,4.274507247,100,3.64137103,4031,34.4233604,0.20431285,29.3478261,46.53647752
Late-demographic dividend,55.30330342,2.426239875,2181529363,0.5988063,16.39303662,97.33408,6.717196798,24.13373589,6.787327887,3.716837782,3.07049011,19970395.19,9.1543096,2034.323927,3010.278937,170.472982,14.6331523,1.90466245,23.35509217,1.960268135,16.14110174,98.41589806,4.13834695,3967.76162,38.9206755,1.04218661,9.0656801,35.17461665
Mongolia,67.567,3.181006549,2719896,1.709445872,26.1,0,11.7325632,41.83395247,0,0,0,24860.37811,9.140194371,1449.471597,1488.659861,188.5353256,4.34832057,0,0,4.15024345,0,78.50208044,23.5263371,1370.1,8.39311014,0,0.3952213,73.1146528
Bermuda,100,-0.783118104,65124,-0.780059723,0,103.2092,0.748048452,0,11.86426709,4.530741331,7.33352576,594.6515718,9.131066455,0,0,0,2.39176852,0,0,0,0,100,3.87699208,0,18.5185182,11.8837038,5.55555568,5.555555678
Chad,21.985,3.566870734,11952136,3.334642775,149.7,30.86058,51.94562302,8.2876567,0,0,0,109130.4151,9.130620259,0,0,0,90.788355,0,0,0,0,6.4,2.93684226,762.8,4.37420585,0,3.57369759,39.33846887
Argentina,90.849,0.926281041,40788453,0.752213052,14.4,103.5674,7.132167451,44.15555304,3.028912698,2.064850675,0.96406202,364684.2538,8.940869952,1928.652357,2877.652653,101.9813022,8.96144595,1.77227114,28.5854562,13.30241173,49.98203779,98.82,2.67516172,4848.6,10.4491192,0.8928665,13.8784444,53.89028352
Cambodia,20.294,3.34912173,14312212,1.539208139,44.3,85.179,33.87667876,10.63949444,7.186617095,0.650722679,6.53589442,126272.1976,8.822689155,370.2598872,144.2823793,146.7936869,68.5184675,2.3,5.5,91.4,0,31.1,12.4913812,3015.7,57.183322,2.69547799,21.5273057,30.90301382
Latin America & the Caribbean (IDA & IBRD countries),78.48372332,1.52355441,574171371,1.156735974,24.39904258,99.90173,4.80934026,36.89588264,2.134437034,1.478603064,0.65583397,4995115.305,8.699694128,1335.302914,1999.04987,96.8618383,28.7316194,4.29602722,58.34031035,10.59268653,23.52942702,95.83136196,3.11010729,3874.80193,46.9083248,0.92875236,8.09324335,36.9942444
Lithuania,66.757,-2.224153089,3097282,-2.09694342,6,99.36398,3.032285436,0,2.868113534,2.236343653,0.63176988,26786.483,8.648383647,2275.760166,3470.78503,108.1323309,21.4576524,7.4289147,18.24189027,12.95554666,63.79655587,100,2.33714792,2763.5,34.6230554,1.21936082,33.943357,44.23294853
Latin America & Caribbean (excluding high income),78.24569635,1.515559291,559867514,1.139257402,24.65674793,99.95602,4.852297833,36.43590451,2.184132661,1.502183415,0.68194925,4823830.12,8.616020754,1286.31797,1931.864836,95.31061854,28.6707448,4.29006189,58.6135441,10.70151694,23.49891697,95.79315235,2.86614495,3824.48092,48.0585563,0.98265738,8.44543,37.360118
Ukraine,68.596,-0.260159587,45870700,-0.397285236,11.7,96.15623,7.44756547,11.45965507,1.800944464,1.326200648,0.47474382,393092.0594,8.569567489,2886.994574,3549.847724,368.9686427,2.88271343,0.12657021,7.091638952,0.435316796,8.316033639,100,4.74292355,2726.6,16.481392,1.21508784,56.0605538,71.23351516
Latin America & Caribbean,78.52676107,1.48008955,590303295,1.123295381,24.4,99.72021,4.726795834,36.7425266,2.209633919,1.531006565,0.67862736,5052727.651,8.559545057,1333.92097,1987.06403,97.06870005,28.3314013,4.19518494,56.40462143,10.75420448,22.95642509,95.89768742,3.33504964,3858.7446,46.8092314,1.00573332,8.21469985,37.09306031
Solomon Islands,20.048,4.747802104,527861,2.431469624,25.7,84.89247,0,0,2.856797328,1.038023243,1.81877409,4479.829996,8.486760712,0,0,0,63.4896179,0,0,0,0,33.19031906,24.3588942,2091.5,79.0639514,1.6178056,0.67881386,3.822793855
Upper middle income,59.47262768,2.339347053,2499410493,0.727887027,18.7,96.85123,6.939393132,26.19972636,4.73592577,3.041856064,1.69406971,21019350.84,8.409723372,2001.893783,2899.962568,161.3972914,13.7524514,1.66697501,23.3623764,3.348997594,19.1263238,98.6300707,3.22619877,3782.50042,34.6047303,0.88329097,8.847219,34.88457032
China,49.226,3.255365494,1337705000,0.482959689,15.8,0,9.325163854,23.27010133,6.553332482,4.203002079,2.3503304,11183810.6,8.360446137,1954.722556,2943.589954,205.8018683,12.8843103,1.6738524,18.62282605,0.353949915,1.859881006,99.7,4.00356247,5524.9,21.3683194,1.16587963,11.4207059,54.80809776
Italy,68.327,0.480438951,59277417,0.307591222,4,104.2058,1.775514538,18.49894202,5.663002316,4.16374408,1.49925824,489460.1327,8.257109663,2930.588524,5493.711037,80.50289867,12.794093,8.65171886,25.76035987,7.267724995,51.12175464,100,0.46534294,5322.5,30.6928673,3.87659697,23.9409805,48.71081731
"Congo, Rep.",63.256,3.772473515,4273731,3.049010156,62.5,68.42873,3.830407012,55.97563347,0.480087173,0.416627264,0.06345991,35247.16491,8.247399031,392.3676993,140.158564,73.70582371,55.1497486,0,54.71938776,1.530612245,43.75,42.3441925,12.6645572,785,65.625183,0.01204452,1.49341142,30.96925329
France,78.369,0.816110711,65027507,0.494035951,4.3,0,1.604028289,22.49134047,2.892155592,2.154934399,0.73722119,532133.0404,8.183199156,4016.847947,7734.726783,109.1092368,11.8458733,2.74364904,13.85735931,0.978760733,4.21028381,100,1.47202695,7068.6,29.9950512,1.6473738,33.4224555,52.82792694
Paraguay,59.261,1.902559181,6248020,1.354323861,26,91.68023,12.9999926,41.40233226,0,0,0,50027.503,8.006937078,769.4941758,1171.411103,78.9979783,64.249376,0,99.99815041,0.001849591,0,97.43086,2.0412428,3456.9,42.6629751,0,10.4329222,53.43569091
Guyana,26.634,-0.648676836,749436,0.229502209,37.4,92.71179,16.38828282,0,27.86865105,10.70488737,17.1637637,5937.294211,7.922349888,0,0,0,33.8414157,0,0,0,0,82.15231323,8.71009233,4165.4,84.2062484,2.37560086,2.13360427,8.524257049
"Hong Kong SAR, China",100,0.734446396,7024200,0.734446396,0,0,0.053368402,100,10.32768982,5.906120352,4.42156947,55049.40297,7.837106428,1946.646166,5973.349278,40.46433266,0.83490088,0.24226952,0.242269518,0.278740199,37.50488447,100,36.174762,2000.4,0,10.0510747,3.33333333,5.238095238
East Asia & Pacific,51.94533743,2.708718246,2206884624,0.676314196,21.9,96.12815,5.547191866,0,8.26898126,4.595973919,3.67300734,16955987.61,7.683223412,1922.642581,3075.400262,159.9092724,13.7294468,2.16681334,15.20590895,2.652910085,13.44471118,95.56382912,2.93131113,4558.22206,26.1620019,1.47234238,9.36403801,48.29681228
Fragile and conflict affected situations,38.72780524,3.333941837,430002303,2.384748261,92.15007014,68.32425,16.81231685,17.24170294,3.499706797,1.567395767,1.93231103,3279049.887,7.62565657,573.0982479,518.309831,126.5608605,51.4874192,0.06995524,25.10580129,30.58648702,26.886678,41.87202661,3.66341618,1827.0315,28.0256784,0.71646556,5.49009627,30.85255573
Sweden,85.056,1.033750395,9378126,0.852524629,3.1,96.71507,1.661749428,14.50153261,3.736961839,2.594134782,1.14282706,71434.70981,7.617162513,5427.925046,14934.32696,124.7430035,45.9778059,10.5772599,55.30176479,1.194934663,1.937895729,100,0.12619948,4510.4,68.4139982,0.98158456,6.4068821,7.518155676
Spain,78.442,0.756607893,46576897,0.460408305,3.9,96.78925,2.431134632,23.01772057,4.376614966,3.492622987,0.88399198,354618.0226,7.613603427,2742.877182,5706.563063,85.06628051,14.3957858,18.5947975,32.77554304,5.551756503,31.79505229,100,2.8872681,3291.5,36.4936686,0.82190223,25.0554989,55.08889822
World,51.64521003,2.18760409,6922947261,1.203926343,51.3,88.79363,3.659442497,22.30038683,4.963571133,2.808307563,2.15526357,50911113.68,7.353965264,1873.720457,2957.630663,137.5095941,17.255192,3.55299534,19.56099755,3.812396947,22.39044292,83.25143406,2.7898651,3591.7841,30.8699641,1.13592919,10.744319,37.39758109
Switzerland,73.607,1.076896116,7824909,1.041558058,4.5,96.19563,0.699044562,16.0676629,0,0,0,57154.18273,7.304133854,3347.618356,8174.408162,59.92193596,21.4603638,2.13468177,56.72954642,0.102949192,1.556349543,100,3.02693357,6093.9,31.2531625,0,10.2363597,38.83490074
Croatia,55.155,0.078244539,4295427,-0.226821271,5.5,91.27276,3.697690134,0,1.84929244,0.954733976,0.89455846,31172.6453,7.257170312,2185.446988,3922.310867,105.3925304,29.7750473,1.16247635,62.84130846,3.784806705,17.25466342,100,2.38113484,5456,34.3102216,1.00602186,16.1615444,23.83488293
East Asia & Pacific (IDA & IBRD countries),47.45817117,3.14732884,1941377349,0.716799251,23.04650086,96.03452,10.28161537,0,8.17340575,4.16354696,4.00985879,13586157.65,6.998205504,1631.970389,2351.640604,180.4094472,16.4927408,1.94665787,18.22308336,1.352356251,7.720015177,95.90646252,3.80002102,4924.59902,29.4662524,1.87458164,11.1744015,47.97360308
Latvia,67.841,-2.041489814,2097555,-2.08130509,7.8,102.1928,3.994982173,0,17.29648166,16.62987356,0.6666081,14670.0039,6.993858993,2148.653551,3229.951062,117.5200707,33.0640004,1.73532519,54.85136563,0.030179568,45.08827524,100,1.83009791,2775.5,53.8881748,1.90586556,18.846401,29.00064267
East Asia & Pacific (excluding high income),47.62038254,3.109089764,1965964309,0.713973655,23.1206904,96.05788,10.28177408,0,8.135272625,4.138663175,3.99660945,13690330.89,6.963672142,1621.115313,2331.379006,180.4094472,16.4718174,1.93797303,18.41743167,1.358040714,7.685573008,95.07240714,3.80007562,4911.53008,29.5984053,1.87404612,11.240973,47.7797995
Bosnia and Herzegovina,45.558,-0.116155171,3705472,-0.818827889,7.2,0,6.796760081,0,0.111713853,0.050628051,0.0610858,25619.33132,6.913918475,1749.123189,3155.603389,179.0576147,19.5688469,0,46.86989021,0.280308339,0.315346882,100,2.58395446,3853,42.6757813,0.12820058,19.609375,41.875
Portugal,60.567,1.046477581,10573100,0.045910037,3.9,0,1.937081961,38.7484087,3.625957936,2.351770353,1.27418758,71681.46844,6.779607536,2222.629692,4959.094305,81.7402381,27.8279776,22.731929,52.80773314,5.602428712,27.75139223,100,3.55462961,3351.3,35.3641227,1.43747513,12.529424,39.89704031
Chile,87.074,1.104418082,17062536,1.03892916,8.7,0,3.615889645,36.74324848,0.367832974,0.229884531,0.13794844,114284.9966,6.698007647,1807.915658,3306.95273,93.36854251,27.0427409,4.26746533,40.202535,14.01528941,17.68871827,99.24516296,7.33040296,6815.4,21.8295908,0.50520863,1.70940854,21.17326401
Hungary,68.911,0.430609461,10000023,-0.226013876,6,97.10366,3.058226641,17.34394011,0,0,0,66250.7743,6.625062192,2568.948991,3876.491084,114.5742426,13.4560288,7.57806856,8.081132429,1.311177116,31.03475957,100,-15.963258,4719,22.600243,0,48.5143047,59.01910969
Heavily indebted poor countries (HIPC),32.47069762,4.234571626,624219326,2.817216855,95.73510901,65.81233,24.68465199,13.05542882,2.002596917,1.185264686,0.81733223,4105846.553,6.577570386,407.7283647,179.1559104,202.4794937,80.1985706,1.08882668,69.20818945,9.698172172,10.14799026,29.2174424,4.98153382,1383.97279,31.3176413,0,7.99347195,38.20989242
Equatorial Guinea,65.94,6.985867345,943639,4.557382417,111.9,44.38116,1.061371286,0,0.948750475,0.592412366,0.35633811,6099.113908,6.463397452,0,0,0,5.95110182,0,3.414634146,0,0,0,16.7745066,0,57.9679144,0.25107609,4.27807487,10.48128342
Myanmar,28.885,1.354939721,50600818,0.694989178,63.3,84.92347,36.85307575,10.84835032,10.972568,2.921377658,8.05119034,325367.1391,6.430076666,277.0925956,124.3062909,75.12355264,84.4045565,0,67.67864245,0.437491714,22.98820098,48.8,1.81897202,3798.1,48.6376022,3.60896979,16.5493066,19.17460123
Grenada,35.865,0.39974806,106233,0.418825074,14.2,123.123,4.513190387,0,1.885817633,0.528333075,1.35748456,682.6576921,6.426041739,0,0,0,10.4963459,0,0,0,0,89.55319214,7.83655279,1008.4,49.9705876,1.83233156,8.82352941,23.52941176
Thailand,43.856,3.529229781,67195028,0.489609257,13.3,0,10.52516753,17.02757829,10.34185638,6.29100189,4.05085449,421227.831,6.268735106,1753.702595,2307.804679,130.006667,22.6548776,2.13888993,5.60988453,0.737829265,74.81663971,99.7,4.3232062,3072.6,31.805281,2.90528606,30.8481278,41.2221809
Lao PDR,30.064,3.60055105,6249165,1.621970051,68.1,85.67514,22.59579413,0,0,0,0,38034.96363,6.086407325,0,0,0,71.5085794,0,100,0,0,70.62976074,3.91153219,3831.5,77.1904703,0,6.06585789,9.618717504
Uzbekistan,50.956,3.777232548,28562400,2.822849683,36.4,91.94624,28.70172374,7.857890093,0,0,0,172722.6657,6.047204216,1512.821507,1653.467496,288.5123062,2.64349718,0,20.9787234,1.450676983,73.48549323,99.60456848,3.50568384,4461.3,7.69981194,0,10.22567,62.69393512
IBRD only,50.0271628,2.329196687,4421851199,0.990526352,34.98240132,95.5902,8.103184713,21.08483557,5.161544216,2.667995156,2.49354906,26539286.97,6.001849853,1450.17314,2014.311661,150.9008496,17.8707175,2.04096399,22.11499336,3.790074658,19.34356654,91.45553808,3.07235998,3516.36076,33.8950822,1.02305068,11.1829345,36.30458864
North Macedonia,57.089,0.033164999,2070741,0.082226596,10.2,0,10.12083349,0,0,0,0,12257.54353,5.91939964,1390.532664,3574.082901,122.4562829,22.3303036,0,33.48484848,0.840220386,0.344352617,100,3.20438265,3329.6,39.5717684,0,16.4155432,44.36954798
Turkey,70.825,2.228078103,72326988,1.40009289,17.3,98.97466,9.02606664,35.72614554,1.755872692,1.196556677,0.55931602,422721.8742,5.844593918,1474.668183,2491.628713,82.11194483,14.3264961,1.85409644,26.37778872,1.032157873,46.46793682,100,1.17877693,2727.1,14.5563453,0.53086855,27.7847797,50.68929226
Romania,53.829,-0.350299532,20246871,-0.593959184,11.5,96.60372,4.995806886,9.330834379,1.951499931,1.406045498,0.54545443,117930.698,5.824638187,1730.087676,2550.863291,99.03659629,24.095707,0.68790313,33.48785034,1.141556278,11.97974233,100,1.93336392,3329.7,28.3199305,2.38355218,39.7565747,61.53444903
Pre-demographic dividend,36.87242709,4.418365194,731868772,2.89786039,104.1845971,67.04605,18.76333551,14.98169592,2.50151022,1.559949886,0.94156033,4195928.229,5.733170193,554.9970223,226.2503933,146.8350233,76.3321879,1.08647945,46.99040152,15.23164965,23.93650037,31.97205766,2.5617968,1332.66232,29.0071471,0.53683542,8.83113085,40.8196817
Mexico,77.815,1.817966294,114092963,1.438141533,17.4,100.2394,3.219154476,40.22299956,1.580045429,0.77259763,0.8074478,643375.4336,5.63904571,1531.756941,2018.827401,94.78493519,9.35997754,3.12698476,16.60285189,16.18185579,53.34818917,99.236696,1.97815742,3500.9,34.20767,2.16731636,12.0923892,54.84451761
Azerbaijan,53.406,1.595056682,9054332,1.189787708,37.6,89.51445,5.544566113,22.77189527,0,0,0,50724.56964,5.602243174,1279.552594,1603.431374,78.90753893,4.44973429,0.00534474,18.42330305,0.122928915,81.45376804,99.93998718,6.33804472,2020.6,12.1987519,0,22.7944743,57.67034492
Zimbabwe,33.196,0.807137259,12697723,1.353892567,86.3,0,9.609863269,11.61276711,0,0,0,71019.11673,5.593059223,744.9325363,606.6441991,386.3723739,82.8795412,1.08482401,68.00923254,0.276976342,0,40.14317703,1.01802173,733.7,40.3877472,0,10.339925,41.87669639
IDA & IBRD total,46.09448974,2.582492292,5793479782,1.305089441,55.81254786,87.70356,9.051399594,19.39094707,4.761225178,2.382521174,2.378704,32391347.43,5.59100034,1251.88991,1667.158122,151.0387312,23.3571769,1.97110128,22.93550357,4.326040442,19.98282585,80.35853629,3.06587101,3147.07284,32.0902428,0.97478998,10.9750627,37.82578061
Middle income,47.79079931,2.507611551,5187847044,1.166574207,47.9998038,90.87207,9.023095013,20.22268892,5.036266431,2.507207899,2.52905853,28789166.81,5.549347652,1290.142195,1735.134168,150.8341332,21.4016534,1.93808901,22.57980139,4.154431368,20.24610539,85.69648702,2.96783606,3383.50637,33.2996733,1.06768821,11.3749815,37.62019137
Madagascar,31.938,4.807322579,21151640,2.792666771,67.3,70.37521,29.07809635,9.556076976,1.663527942,0.607086249,1.05644169,117231.0406,5.542409033,0,0,0,81.9310757,0,52.28463241,0,0,16.87761688,9.13867134,3271.6,21.5857895,0.74854199,6.0185026,71.18169
Low & middle income,45.96602051,2.606155121,5765121055,1.312913737,55.96875295,87.69969,9.289295819,19.37274297,4.794854464,2.394559033,2.40029543,31865722.91,5.527329367,1234.295912,1638.985857,152.0175112,23.4888165,1.90282169,22.99612792,4.329662513,20.16561186,79.96644239,2.99061534,3133.3701,32.2053193,0.98764838,11.0030209,37.86689591
Arab World,56.44087919,3.171233868,354890042,2.383186853,42.73769379,84.36583,5.175306175,22.91191361,7.72000301,3.973868799,3.74613421,1924244.973,5.422087817,1772.404084,2296.780903,116.2633805,4.83953384,0.28597138,3.854009912,22.8497384,61.76026609,86.00761988,3.33666938,2241.25423,1.7192695,0.68768141,3.37078487,36.42599021
Least developed countries: UN classification,29.46531554,4.142301275,836614860,2.360418067,89.25256438,66.30133,22.32746859,11.52799952,4.301375863,1.379565314,2.92181055,4481469.11,5.356669268,345.1220545,167.1761677,148.7086876,76.6690346,0.09964652,54.5542045,9.763404575,28.74573996,33.37388834,2.74499446,2048.54484,29.9048378,0.74496319,8.41117066,38.33153237
Low income,29.57270824,4.058464921,577274011,2.647286729,93.9,67.32414,27.49192791,11.21279118,1.774389287,0.98513439,0.7892549,3076556.096,5.329455401,0,0,0,73.1236998,0.02780393,52.20969744,13.54261292,15.76745202,28.48159099,4.64384264,1401.87191,25.9088592,0,8.86291521,39.28633167
Tanzania,28.114,5.342097581,44346525,2.91186387,72.3,91.0452,25.58240689,10.12563442,0.71018394,0.313553895,0.39663005,234147.1609,5.279943826,465.929495,96.62538384,215.3542107,90.3162285,0.47402351,51.6875237,3.735305271,44.57717103,14.8,5.6637279,1647.9,54.0979905,0.08871631,13.0955069,42.27816663
Sub-Saharan Africa,35.99838269,4.270725926,869025106,2.763524852,101.3,67.94991,15.99161451,14.4663094,1.907943038,1.234248939,0.6736941,4558259.71,5.245256643,685.1827714,505.9550097,186.2681539,71.422468,0.67258617,23.73298202,2.637950339,6.726323281,33.55591573,2.42161616,1456.85799,28.3101356,0.37396813,8.66292369,43.28409887
Sub-Saharan Africa (IDA & IBRD countries),35.99838269,4.270725926,869025106,2.763524852,101.2173667,67.94991,15.99161451,14.4663094,1.907943038,1.234248939,0.6736941,4558259.71,5.245256643,685.1827714,505.9550097,186.2681539,71.422468,0.67258617,23.73298202,2.637950339,6.726323281,33.55591573,2.42161616,1456.85799,28.3101356,0.37396813,8.66292369,43.28409887
Sub-Saharan Africa (excluding high income),35.99659154,4.270837877,868935336,2.763517815,101.2216861,67.94731,16.00284458,14.4663094,1.906130728,1.234098019,0.67203271,4557405.638,5.244815637,685.1827714,505.9550097,186.2681539,71.4433412,0.67313488,23.75070659,2.640102446,6.731810788,33.54935417,2.41155418,1456.85799,28.3088341,0.37350209,8.66306892,43.28492323
IDA only,30.67874954,3.85658164,909297080,2.268797079,85.33404012,68.71763,24.24133231,12.11547034,4.184034003,1.409592371,2.77444163,4722102.259,5.193134744,370.0871272,266.3549235,153.9951953,71.6326321,0.44957845,48.13127746,13.74951637,27.40313725,38.03509097,3.96207485,2056.6749,28.8001887,0.84023064,9.02373202,38.76717284
Jamaica,53.743,0.868416571,2810460,0.521664591,18.3,0,5.26899732,0,3.629412269,2.285227963,1.34418431,14581.6781,5.188359948,951.4108011,1216.171018,118.6588213,13.7199667,4.16666667,7.685185185,92.31481481,0,92.64899445,1.40520276,1266.9,31.126501,3.5986271,11.0803324,40.99722992
Mali,35.999,5.403142306,15049353,3.158626749,131.5,57.57083,33.01683003,12.52907683,0,0,0,76827.88145,5.105062088,0,0,0,69.125684,0,53.79560688,0,0,25.28091812,3.4795257,1452.8,4.18787238,0,5.1311681,33.64312115
Guinea-Bissau,40.111,3.562794119,1522599,2.573083429,113.8,65.14252,45.0880468,0,15.2648231,3.28406484,11.9807583,7536.357813,4.949666861,0,0,0,87.8071289,0,0,0,0,6,3.09053602,1717.6,71.9061166,6.52451947,10.6685633,57.9658606
Iraq,69.103,2.797098895,29741976,2.618942811,34.7,0,5.162283547,26.69450745,5.811441263,2.7098158,3.10162546,146903.7332,4.939272804,1261.220505,1237.03953,95.88072311,1.70963706,0,9.746871677,34.64463891,30.80682097,98.35740662,1.00796494,1697.1,1.89952109,3.19346353,9.20979923,18.92613741
Cameroon,51.559,3.92812428,20341241,2.747773491,107.2,71.67993,14.067657,23.15379873,0.456646277,0.276083558,0.18056272,99823.2841,4.907433332,342.4963108,261.4884706,119.0699643,78.6042342,1.00016952,73.21579929,19.71520597,7.068994745,53.05342865,2.04921328,1648.7,42.1315394,0.03665569,13.1158639,20.51998054
Bhutan,34.793,3.328916413,685503,1.052929968,42.5,87.29344,16.79770197,0,0,0,0,3220.40038,4.69786475,0,0,0,90.8904179,0,99.99590628,0,0,73.28291087,4.7477334,2469.1,70.9733209,0,2.63924233,13.64220706
Algeria,67.54,2.867798457,35977455,1.805018696,27.4,95.617,8.466901279,6.759852802,0.757500587,0.603106348,0.15439424,167674.633,4.660547362,1114.217028,1016.636669,86.24310538,0.25807176,0,0.380460926,2.107840994,97.51169808,98.88470459,1.42698315,1474.3,0.80529361,0.02500594,3.14979805,17.37133356
Belize,45.228,2.413635089,322464,2.451470158,18.9,100.7419,11.6630755,0,20.53200455,13.05827151,7.47373304,1498.87845,4.648203986,0,0,0,33.7103437,0,63.38095209,0,0,89.91722437,7.00343728,3223.4,60.9991238,6.05394841,3.28803157,6.882946076
Cuba,76.597,0.112371427,11225832,-0.007812033,6.1,94.98465,3.614289268,19.09050483,2.907142218,1.422300198,1.48484202,49782.5314,4.434640693,1099.502825,1303.15508,0,13.157632,2.68437087,3.241938265,39.52980399,13.04247859,97.68089294,0,1937.2,27.5460353,8.48618404,31.7925592,60.70274516
Ghana,50.713,3.8409875,24779619,2.487041563,69.9,0,28.03873796,16.42375535,2.622705637,1.7872208,0.83548484,106432.6926,4.295170664,298.9123441,277.4861066,98.7697481,49.7787863,0,68.81085866,0,10.77997443,64.2,7.85506709,1814.3,40.4104773,0.56221007,20.3041224,68.64727081
IDA total,33.39991865,3.825062513,1371628583,2.332653624,90.97134382,70.01085,23.43656215,13.66230979,3.217658002,1.281778452,1.93587955,5852060.466,4.266505188,480.8379315,317.203196,152.7293779,66.7908674,0.63020876,40.63146483,15.4857461,33.95850905,44.591697,2.97266247,2050.35146,26.8623008,0,10.3729357,42.2321026
"Korea, Dem. Peopleâ€™s Rep.",60.377,0.793942062,24548836,0.492046502,29.5,0,0,11.65313907,5.131531888,2.176276526,2.95525536,104116.6043,4.241203302,770.1300787,742.9680169,0,13.4749489,0,61.85376662,2.631093058,0,29.1159153,0,3424,47.0558924,1.80829975,19.9318993,22.2572876
Panama,65.14,2.202431033,3642687,1.757809351,19.9,93.9422,3.613074595,41.29185406,3.009577053,1.599739047,1.40983801,15428.76051,4.235543847,990.6733683,1745.140332,63.37931851,19.9374057,0.29798185,57.1041582,42.8958418,0,86.85,8.65853949,2246,63.2095776,1.68132433,7.65254257,30.48681588
Senegal,43.773,3.693527963,12678148,2.743232171,66.4,57.17406,15.83761647,19.14050853,10.05757652,5.815111294,4.24246523,53407.57105,4.212568827,302.1929544,202.8687471,108.8708239,50.2604668,2.50325098,10.72821847,83.64759428,2.730819246,55.19740295,1.67638922,1196.5,44.0087259,3.53630399,19.7371838,49.12481172
Armenia,63.44,-0.531245231,2877319,-0.373711867,18.5,94.49523,0,37.03437123,0,0,0,11393.03935,3.959602446,863.0259627,1726.259758,128.7554725,9.35981701,0.10784163,39.48544138,0,22.15375135,99.8,5.71603785,2068.2,11.6262733,0,15.7534247,60.94134176
Middle East & North Africa,62.65662084,2.812919365,385917886,2.126020988,27.1,90.59873,4.648781544,25.41326822,7.096617903,3.720154216,3.37646369,1480798.241,3.837081138,2118.735788,2659.041516,123.4491592,1.92259837,0.24310691,3.223074392,21.48685105,63.7839285,95.80368223,3.17758319,2272.75599,2.0608801,0.69693113,4.62783024,33.1665006
Mauritania,46.588,4.881925157,3494195,2.926799928,97.1,0,20.29326604,24.34557888,19.12107836,5.561588503,13.5594899,12951.00656,3.706434976,0,0,0,33.9988157,0,0,0,0,34.39513016,3.00909602,955.2,0.23479189,1.08407004,0.43659649,38.52818473
Colombia,77.964,1.535383235,45222700,1.050652174,18.5,116.956,6.334791196,39.90477349,1.224929591,0.832851833,0.39207776,166695.8669,3.686110447,689.9796783,1094.560917,62.97189816,27.931535,4.13301023,72.12069198,0.844776521,20.14337641,96.788995,2.24735765,3403.3,52.8484185,0.5849284,1.58900406,38.30824696
Benin,43.093,4.003676921,9199259,2.806086484,111.1,66.71161,22.73622617,0,11.85144946,8.405598377,3.44585108,33029.82235,3.590487272,397.1363346,95.44246988,218.3533306,48.1172541,0.86956522,0.869565217,99.13043478,0,34.2,0.7661548,1200.6,40.4487407,0.99549544,22.5257183,30.50727208
Tunisia,66.657,1.457860509,10635244,1.035407586,18.4,98.96886,7.53459309,18.93892608,8.515590236,7.03523356,1.48035668,37649.97347,3.540113745,966.7602361,1364.989839,92.59299695,12.6878398,0.8551185,1.160517957,0.024431957,95.91375519,99.5,3.02944278,1694.1,6.3722966,1.93926459,18.1707003,64.61122554
Jordan,86.088,6.561388117,7261539,5.204766722,20.3,0,4.141530999,19.23603247,0.002923437,0.00090202,0.00202142,25590.04964,3.524053185,978.2036563,1845.338846,102.9591343,2.9731256,0.08120728,0.494010963,28.334574,71.17141504,99.44269562,6.3009426,1962.6,1.09822032,0.00060816,2.00045062,11.28970475
Togo,37.533,3.970112746,6421679,2.696455516,89.6,70.35708,28.74011186,22.8352585,3.610001126,3.439155666,0.17084546,22578.11968,3.515921565,485.1128498,124.1108439,390.6150062,65.8254206,2.23463687,54.18994413,45.81005587,0,30.79174368,3.64685898,1187.4,5.27670528,0.42661982,45.2289024,67.38371024
Georgia,55.535,-0.033804079,3786695,-0.729475257,14.2,106.4737,8.450801041,28.50625678,2.755012502,1.791184893,0.96382761,13108.62377,3.461758544,824.5430382,2049.544524,113.0318766,39.148573,0,92.52271829,0.316080601,7.161201106,99.31654358,7.3539253,1271.4,40.6159146,1.2848098,5.68427112,35.40077709
Pacific island small states,36.85853374,2.071086201,2214519,1.290070868,27.21053155,96.42018,12.5306765,0,5.72899568,1.901874894,3.82712079,7575.539932,3.420851179,0,0,0,31.4830444,0,32.79349701,0,0,68.61592709,6.47863095,2094.29778,61.6218072,2.76541033,3.67887763,13.42990654
Syrian Arab Republic,55.6,1.391041246,21362529,0.736023435,16.1,103.3671,0,31.9238607,0.132135055,0.028862058,0.103273,73021.03502,3.418183073,1013.916845,1823.613674,0,1.41058497,0,5.584642234,39.44584491,54.96951285,92.7,0,1231.9,2.67385504,0.0259657,25.5241518,75.73925829
"Egypt, Arab Rep.",43.019,1.93830289,82761235,1.984783112,29,96.02799,13.34075916,25.65402148,21.5237193,9.259533686,12.2641856,280255.5766,3.386314578,876.5421758,1576.039797,87.48528607,5.72410195,1.16079457,10.04795771,13.47584403,76.47619826,99.58769989,2.91728671,6504.3,0.07031996,1.62298827,2.8861319,3.687779396
Ecuador,62.69,1.900887783,15011117,1.589348217,18.3,103.1958,9.733118078,27.24574061,5.190229742,3.812579019,1.37765072,50320.69803,3.352228754,784.051913,1137.956622,84.2638179,12.1066394,1.22507561,45.49182429,43.27746168,11.23071403,97.462142,0.23842347,3106.2,52.1080672,1.50710449,4.7769368,30.18883957
Dominican Republic,73.753,2.884180169,9695121,1.228584074,34.2,92.69574,6.057457825,26.82561672,1.230040795,0.504109201,0.72593159,31668.70772,3.266458224,776.6888108,1394.825294,68.3374441,16.9754092,0.14595635,11.8888078,54.7867047,21.07742321,98.145414,3.37949065,4436,37.6112606,1.74266474,16.5597185,49.61705651
St. Lucia,18.45,-2.975314552,174085,1.07651499,18.6,0,2.696055062,0,1.614210115,0.866103425,0.74810669,563.9158825,3.239313453,0,0,0,2.20403552,0,0,0,0,94.2,8.66900163,0,33.7704924,1.56110421,4.91803279,17.37704981
Moldova,42.62,-0.172561915,3562045,-0.099864634,17.2,91.9797,11.16125739,0,0.591564388,0.255507398,0.33605699,11338.70777,3.18320172,984.6251241,1722.886713,207.9729746,8.44006198,0,6.657942091,0.474398822,92.86765909,100,4.10210213,2734,11.7503805,1.02038732,55.1902588,75.03805175
Eswatini,22.48,1.668994148,1064837,0.694531003,88.7,83.22717,10.15621244,0,0,0,0,3378.339014,3.172634886,0,0,0,62.6819897,0,51.47124506,0,0,45.55233761,3.0562555,1200,32.7325581,0,10.1744186,71.04651163
Vietnam,30.417,3.1770457,87967651,1.000121995,23.1,0,18.37848058,13.12447345,36.97183199,7.329790541,29.6420415,278994.36,3.171556326,669.6999218,1022.432667,151.0555502,34.7958988,0.11063928,29.14028008,3.593142472,46.51907737,98.3260498,6.9006118,5177.5,45.5639049,15.4058243,20.7611181,34.70216277
Djibouti,76.999,1.555287818,840198,1.483821493,76.4,0,0,0,12.35204508,11.39787194,0.95417314,2629.832574,3.130015275,0,0,0,34.4333471,0,0,0,0,55.94141769,0,1848.3,0.24158757,0.71924231,0.06902502,73.40810939
Indonesia,49.914,2.912800958,241834215,1.337774157,34.1,100.5891,13.92921271,12.74497986,7.366889765,3.755346144,3.61154362,744790.0241,3.07975455,877.0756528,635.9852761,103.7031969,37.7534203,5.57096993,15.85402492,20.11722777,23.70887455,94.15,2.02517914,4877.6,52.1271604,2.77855467,13.0273741,30.69161004
Dominica,68.094,0.473521134,70878,0.038100883,21.2,77.03927,11.46634892,0,0.98172487,0.506940736,0.47478413,211.3141846,2.981379054,0,0,0,8.91021202,0,19.70006817,0,0,94.2459259,4.92922278,1416.7,59.5466665,0.83864504,8,33.33333333
Albania,52.163,1.609373264,2913021,-0.496461963,13.3,88.83624,17.95584025,0,7.070960686,2.382806577,4.68815411,8506.996034,2.920334606,729.1543727,1943.343354,73.44691232,37.1153298,0,99.98678647,0.013213531,0,100,9.13989395,4761.8,28.3321163,4.86127312,22.8467153,43.84306748
Early-demographic dividend,41.99988066,2.466473072,2908287643,1.524558707,51.45671671,89.37707,10.11160181,17.53797435,3.852525421,1.662761597,2.18976382,8437475.166,2.901183171,861.6936154,1017.810607,120.4967724,26.481427,2.18930369,18.75640256,11.13347965,33.98201344,78.56963262,2.06462489,3043.43562,22.2969623,1.09137367,13.0184488,41.38128144
Lower middle income,36.93804506,2.760336279,2688436551,1.577858449,65,86.95519,16.51790223,14.70852182,5.31769408,2.006227524,3.31146656,7769815.966,2.890087164,622.3594365,642.2636558,126.0597185,41.1584397,3.00361502,19.50514062,7.318935952,24.6546243,73.6770831,2.05460189,2964.83385,29.5152567,1.7030889,18.7050048,45.55297126
Middle East & North Africa (IDA & IBRD countries),58.87720078,2.418237036,328991663,1.78823189,29.26574384,89.36511,8.232712725,22.25144294,7.049247694,3.37856351,3.67068418,926457.5945,2.81605189,1357.740466,1626.696989,112.2865169,2.71861996,0.42520404,5.887490408,23.52811523,66.73615418,95.07873406,1.84551583,2236.06948,2.50878149,0.6956353,5.59386745,22.6990964
St. Vincent and the Grenadines,48.961,0.774647093,108255,-0.029555468,20.9,93.84248,6.07881727,0,3.710258969,0.659008499,3.05125047,301.5628538,2.785671367,0,0,0,5.48649089,0,17.5,0,0,92.81887054,14.2710516,18774.2,69.2307692,3.40321363,12.8205128,25.64102564
Middle East & North Africa (excluding high income),59.05095482,2.425722093,332777824,1.797743136,29.16857553,89.4595,8.212914976,22.25144294,6.975346733,3.343264229,3.6320825,926457.5945,2.784012418,1357.740466,1626.696989,112.2865169,2.75943357,0.42235198,5.883084854,23.37030008,66.28852055,95.13358774,1.84668373,2235.87052,2.50809492,0.69521685,5.59502757,22.71197082
Burkina Faso,24.633,5.293939858,15605217,3.019251293,114.4,47.05522,32.54025624,11.16319626,0,0,0,43405.90919,2.781499879,0,0,0,81.4540237,0,20.78542367,0,0,13.1,0.43243827,1062.7,20.6469298,0,21.9298246,44.15204678
Nicaragua,56.917,1.702647675,5824065,1.357700656,20.4,84.87586,16.98181799,17.03148917,0.854528234,0.296987299,0.55754094,15794.34981,2.711911665,507.5748639,506.5190722,127.8848338,52.6411032,23.2303908,37.00464608,62.99535392,0,78.0058136,5.5933347,2086.1,25.8766827,3.00770126,12.7222869,41.76499917
Costa Rica,71.736,2.87675032,4577378,1.245064785,10.1,99.32607,6.5871781,26.25778339,0.361702216,0.119459184,0.24224303,11684.5675,2.552676991,1015.012743,1887.980411,78.62932351,42.3112527,17.5310446,93.31107169,6.688928311,0,98.995734,5.11670166,3199.2,51.0184097,0.58576491,4.40658049,35.62475519
Fiji,52.171,1.709673951,859818,0.721469407,23.9,0,9.381897376,0,4.892924565,2.975533678,1.91739089,2163.922287,2.516721314,0,0,0,29.6124873,0,50.29389261,0,0,88.68655396,5.67129292,2871.1,54.3459236,3.09994895,9.03119869,23.26217843
Peru,76.43,1.06052382,29027674,0.812933092,20.1,101.1632,6.827997236,30.72846622,0.915312205,0.65291323,0.26239898,71614.29402,2.467104117,643.0658206,1107.357069,63.82644253,30.7972113,1.87796044,57.7208136,5.842853162,34.06519922,88.123061,5.73082662,3897.9,58.4460938,0.32187831,3.19140625,18.76796875
Uganda,19.383,5.826537304,32428167,3.186619069,77.4,57.17233,26.23553733,6.215457691,0,0,0,79906.21027,2.464098889,0,0,0,91.6061734,0,54.84343825,0,0,12.1,2.69424031,1978.5,13.7293038,0,33.6624776,71.14003591
IDA blend,38.74136562,3.776106771,462331503,2.458477332,101.8520924,72.64524,22.50955322,0,1.570653525,1.063943886,0.50670964,1129958.206,2.444043286,648.474714,394.1691455,151.7262645,61.8447657,0.86174621,31.74652662,17.69094916,42.33745486,57.48699544,2.04411632,2034.14646,21.0068102,0,14.4496607,52.70167803
Kyrgyz Republic,35.306,1.255195821,5447900,1.192864429,29.6,97.05923,17.44825618,0,0,0,0,13008.5431,2.387808715,505.4022651,1371.721214,181.1366852,25.5947878,0,91.80165289,1.710743802,1.495867769,99,9.86093071,2610.5,3.52971846,0,6.65380579,55.32794781
Honduras,51.885,3.304719077,8317470,2.024510729,23.6,84.94979,11.59122044,12.54100105,0.904438698,0.155678129,0.74876057,19663.71562,2.364146263,548.7312849,617.856151,140.2470942,53.1553647,2.36092666,47.80876494,52.19123506,0,80.984668,3.83460575,1660.3,46.402717,2.02634805,9.11609617,28.86763786
Morocco,58.018,2.269570015,32343389,1.289222897,32.1,85.32665,12.94352454,21.73540318,1.380354236,1.127452324,0.25290191,76087.37885,2.352486279,528.103904,775.9545544,80.60035442,14.4078588,2.78387969,17.43409936,24.14667117,12.5168976,90.57174683,1.33090448,1547.5,12.7089402,0.20539845,17.3186193,67.19314538
India,30.93,2.46548964,1234281170,1.350339045,58.2,0,17.02650901,13.69290799,2.664960354,1.13790464,1.52705571,2771456.756,2.245401472,561.6534027,640.3946031,126.1792728,39.4815087,3.47809307,16.04374444,2.490565807,11.56699503,76.3,1.63503427,2676.4,23.4731047,1.4940535,52.8082632,60.39741826
Ethiopia,17.319,5.173666556,87639964,2.783770941,82.9,57.70274,41.44682007,3.567401055,0,0,0,182771.1979,2.085477784,486.6902958,48.29988292,452.9059516,94.5173903,0.36144578,99.37751004,0.62248996,0,33.16374588,0.96303063,1832.8,12.296,0,14.565,35.683
Guatemala,48.403,2.790307438,14630417,2.170655391,35,83.62597,11.05435949,17.49739601,0.212475456,0.040869812,0.17160564,30327.54698,2.072910634,696.79463,541.9531104,103.7815842,66.585236,20.5667379,63.84797031,22.99561453,0,84.06642914,2.04557072,1996.6,34.7331094,0.39220713,11.1616271,36.9734983
South Asia,30.81736725,2.6453962,1638792934,1.434921371,62,87.36908,17.58254417,13.94602465,3.081211812,1.146417071,1.93479474,3386371.565,2.0663816,515.1969743,570.908872,121.4727793,41.5887595,2.99964034,18.17933246,5.629505306,15.5371502,73.09390636,1.53817324,2802.58364,17.334791,1.78462443,43.0607114,56.42597825
South Asia (IDA & IBRD),30.81736725,2.6453962,1638792934,1.434921371,62.03236479,87.36908,17.58254417,13.94602465,3.081211812,1.146417071,1.93479474,3386371.565,2.0663816,515.1969743,570.908872,121.4727793,41.5887595,2.99964034,18.17933246,5.629505306,15.5371502,73.09390636,1.53817324,2802.58364,17.334791,1.78462443,43.0607114,56.42597825
Pakistan,34.997,2.781647488,179424641,2.197033999,87.5,62.30639,23.28158964,18.65672675,1.064888293,0.642210935,0.42267736,354528.6222,1.975919362,473.8497373,442.1800682,116.3685016,46.7220403,0,33.70380573,35.16062044,27.41884218,70.42184448,1.14130486,2611,2.18840805,1.53401526,38.1252594,45.71658364
Tajikistan,26.52,2.191896323,7527394,2.184338722,43.2,101.6947,19.58667751,0,0,0,0,14727.20554,1.956481292,289.0730843,1893.21829,135.1887875,61.8343249,0,99.78703985,0,0.212960146,98.78314972,1.66497158,3117.2,2.9294084,0,5.34224073,33.97899539
"Gambia, The",55.662,4.306499177,1793196,2.995405745,77.1,67.10289,35.19324349,0,23.53324876,15.17515186,8.3580969,3481.573204,1.941546381,0,0,0,54.7051488,0,0,0,0,48.41851044,2.40660085,1129.4,47.43083,16.7780013,44.4664032,60.77075099
El Salvador,65.452,1.781117861,6183875,0.424404001,19.2,99.7349,6.981786644,17.56872511,0.496987593,0.09190577,0.40508182,11978.85339,1.937111179,687.2839441,857.0677771,109.4242215,30.7661429,30.2139037,65.04010695,34.95989305,0,91.580238,-0.6134035,2726,13.8513514,0.7889621,32.480695,74.08301158
Nigeria,43.48,4.744297441,158503197,2.671442933,135.2,73.79249,23.89370409,15.59295425,2.667120246,1.969243069,0.69787718,292211.7354,1.843569978,756.3471732,136.4262703,148.7287311,86.7812381,0,24.40182229,0,75.59817771,48,1.65847477,1528,9.92676527,0.44857888,36.2330775,76.85804319
Vanuatu,24.462,3.279097659,236211,2.557282765,29.4,83.62583,20.72535045,0,1.176430145,0.374559128,0.80187102,433.7658416,1.836349034,0,0,0,38.3757394,0,19.11807369,0,0,36.82665253,9.00528151,563.6,36.09516,0.82703282,1.64068909,15.34044299
Samoa,20.078,-0.347593933,185949,0.75195021,18.7,106.4866,10.4090321,0,1.44459699,1.107631479,0.33696551,340.9776821,1.833716138,0,0,0,46.7546699,0,41.04991394,0,0,96.62624359,-0.1997371,0,60.4240283,0.37125961,2.82685512,12.36749117
Sierra Leone,38.856,3.261333423,6415634,2.252551979,162.8,0,52.94268026,14.10961099,3.787063953,0.904380822,2.88268313,11647.49051,1.815485502,0,0,0,84.1750926,0,87.38205474,0,0,11.46217307,9.24754562,1747.2,37.7666944,2.85162767,21.8949848,54.45247829
Somalia,39.31,7.073580464,12043883,2.745705976,157.2,0,0,11.23642599,2.5002989,1.276699045,1.22359986,21461.80546,1.781967282,0,0,0,93.572145,0,0,0,0,20.79733086,0,575.2,10.7549335,0.27021218,1.75343514,70.34144164
Lesotho,24.798,2.330819071,1995581,0.27347703,100.2,86.99314,5.094705614,0,0,0,0,3425.278898,1.716431905,0,0,0,53.4492322,0,100,0,0,20.82272339,0.39703072,909.1,1.44927536,0,10.6060606,76.61396574
Angola,59.783,4.932242034,23356246,3.671462401,120.5,39.80721,6.180293181,22.693998,1.436094368,1.194938507,0.24115586,40029.3921,1.713862412,520.9623584,206.4544105,81.90662905,54.1938366,0,67.95742338,32.04257662,0,33.36841965,-3.8511105,629.3,46.9078367,0.12572366,3.28868212,46.83564611
Philippines,45.332,1.580117188,93966780,1.666112353,32,0,12.3143278,14.19863382,5.651287935,2.367918413,3.28336952,159940.4528,1.702095707,429.9086975,637.9062899,77.00960947,28.8118356,14.779605,26.29830829,10.48241859,28.81225827,85.13260651,0.53629079,3231.9,22.9399336,2.63169746,17.7750947,40.58087668
"Yemen, Rep.",31.776,4.644337052,23154855,2.795788046,56,65.44633,8.162181415,9.001110134,1.581225688,0.852560156,0.72866553,38865.29243,1.678494313,338.2601187,254.849361,74.07982009,0.96357105,0,0,73.44938749,26.55061251,65.64027405,0.61035793,1092.4,1.03983181,0.41436825,2.44521469,44.65973445
Cote d'Ivoire,47.33,3.225908594,20532950,2.334565367,107.2,0,24.52942756,19.25485622,3.764942457,3.536550847,0.22839161,32525.25335,1.584051651,494.9525519,215.0202479,185.166528,75.3701434,1.1567477,28.28164292,1.424979044,70.29337804,57.96392822,1.4391241,2270.5,32.7138365,0.16074799,9.11949686,64.77987421
Eritrea,35.175,3.297772888,3170435,1.606144198,55.4,76.33065,0,0,0.767548828,0.199195075,0.56835375,4844.785693,1.528113869,233.6597344,85.7926436,119.1186296,81.2465988,0.64308682,0.643086817,99.35691318,0,39.82661057,4.29845544,511.7,15.1683168,1.20555992,6.83168317,75.16831683
Malawi,15.544,3.613291647,14539612,2.870717182,88.4,69.20667,29.61487225,5.026550915,0,0,0,21415.53718,1.472909812,0,0,0,79.470314,0,91.05522721,0,0,8.7,1.39389123,1906.9,34.333899,0,39.2448027,60.29910904
Tonga,23.389,0.321225875,103986,0.092362761,17.4,0,16.40241336,0,7.528864139,2.927215717,4.60164842,151.934446,1.461104822,0,0,0,1.00787071,0,0,0,0,92.11164093,1.26148653,0,12.5,7.3471072,23.6111111,44.44444444
Papua New Guinea,13.019,2.155010678,7310507,2.293116811,58.2,0,19.60838721,0,0.487487608,0.14380149,0.34368612,10667.59649,1.459214319,0,0,0,55.2524869,0,37.97851831,0,0,19.5,0.20153801,4343.9,74.1354944,0.4676372,0.66245639,2.627743674
Sri Lanka,18.226,0.596810445,20261737,0.684554667,11.6,98.91219,8.496140278,0,2.979647308,1.446279872,1.53336744,29131.29052,1.437748922,480.7718608,459.6841821,56.5421746,61.8422807,0.95361541,53.11545227,46.88454773,0,85.3,0.84187341,3974.3,33.5353213,2.134193,19.135704,41.77962048
Kenya,23.571,4.382383045,42030676,2.722585637,56.5,0,24.82621749,9.937794006,0.411611072,0.085042268,0.3265688,52675.10235,1.253253751,464.4134917,147.8443982,190.6589456,76.2731232,22.7211252,69.06951582,30.93048418,0,19.2,0.44516053,1710.1,7.43226623,0.24078052,9.66370313,48.00224901
Nepal,16.768,2.493195728,27013212,0.481206223,46.8,0,33.17937849,3.571593041,0,0,0,32738.69186,1.211951095,377.9855576,102.5424152,190.2570353,87.2924486,0,99.90648379,0.093516209,0,65.10121155,0.54829467,2289.9,25.3644925,0,15.207534,28.78269969
Bangladesh,30.462,3.627799773,147575430,1.124803493,49.1,67.83219,17.00118126,12.76404683,8.916143359,1.792305621,7.12383774,177504.4736,1.202805058,206.7611594,247.2633825,82.09909205,41.0508418,0,1.787202746,3.623437117,92.6967394,55.26,1.06893486,4288.3,11.0778213,9.63646305,59.8525006,70.99177998